{"cameraMode":{"drawMode":0,"name":"Shaded","section":"Shading Mode"},"sceneLighting":false,"audioPlay":false,"sceneViewState":{"m_AlwaysRefresh":false,"showFog":true,"showSkybox":false,"showFlares":true,"showImageEffects":true,"showParticleSystems":true,"showVisualEffectGraphs":true,"m_FxEnabled":true},"in2DMode":false,"pivot":{"x":-0.0579463355243206,"y":-2.565906524658203,"z":1.2551722526550294},"rotation":{"x":-0.5893491506576538,"y":0.004383508116006851,"z":-0.003154262900352478,"w":-0.8077865242958069},"size":5.063329696655273,"orthographic":false}