{"cameraMode":{"drawMode":0,"name":"Shaded","section":"Shading Mode"},"sceneLighting":false,"audioPlay":false,"sceneViewState":{"m_AlwaysRefresh":false,"showFog":true,"showSkybox":false,"showFlares":true,"showImageEffects":true,"showParticleSystems":true,"showVisualEffectGraphs":true,"m_FxEnabled":true},"in2DMode":false,"pivot":{"x":19.372032165527345,"y":-0.02649437077343464,"z":-25.838817596435548},"rotation":{"x":0.006428590044379234,"y":0.9922662973403931,"z":-0.05841634050011635,"w":0.10818997025489807},"size":41.935123443603519,"orthographic":false}