{"cameraMode":{"drawMode":0,"name":"Shaded","section":"Shading Mode"},"sceneLighting":false,"audioPlay":false,"sceneViewState":{"m_AlwaysRefresh":false,"showFog":true,"showSkybox":false,"showFlares":true,"showImageEffects":true,"showParticleSystems":true,"showVisualEffectGraphs":true,"m_FxEnabled":true},"in2DMode":false,"pivot":{"x":-17.915618896484376,"y":-38.64015197753906,"z":14.01441764831543},"rotation":{"x":-0.4134516417980194,"y":-0.00876326858997345,"z":0.0038842593785375358,"w":-0.9103545546531677},"size":53.153079986572269,"orthographic":false}