{"cameraMode":{"drawMode":0,"name":"Shaded","section":"Shading Mode"},"sceneLighting":true,"audioPlay":false,"sceneViewState":{"showFog":true,"showMaterialUpdate":false,"showSkybox":true,"showFlares":true,"showImageEffects":true,"showParticleSystems":true},"in2DMode":false,"pivot":{"x":-23.911033630371095,"y":12.509763717651368,"z":-37.07042694091797},"rotation":{"x":-0.07337243854999542,"y":-0.37215372920036318,"z":0.02963932231068611,"w":-0.9248924851417542},"size":8.611083984375,"orthographic":false}