{"cameraMode":{"drawMode":0,"name":"Shaded","section":"Shading Mode"},"sceneLighting":false,"audioPlay":false,"sceneViewState":{"showFog":true,"showMaterialUpdate":false,"showSkybox":false,"showFlares":true,"showImageEffects":true,"showParticleSystems":true},"in2DMode":false,"pivot":{"x":0.08367244899272919,"y":0.5763391852378845,"z":-0.22312431037425996},"rotation":{"x":0.23522773385047913,"y":0.6113076210021973,"z":-0.19724474847316743,"w":0.7294775247573853},"size":0.06504980474710465,"orthographic":false}