{"cameraMode":{"drawMode":0,"name":"Shaded","section":"Shading Mode"},"sceneLighting":false,"audioPlay":false,"sceneViewState":{"showFog":true,"showMaterialUpdate":false,"showSkybox":false,"showFlares":true,"showImageEffects":true,"showParticleSystems":true},"in2DMode":false,"pivot":{"x":-41.372257232666019,"y":32.555824279785159,"z":43.75306701660156},"rotation":{"x":-0.22396789491176606,"y":-0.7640017867088318,"z":0.3437407612800598,"w":-0.4981503188610077},"size":10.0,"orthographic":false}