{"cameraMode":{"drawMode":0,"name":"Shaded","section":"Shading Mode"},"sceneLighting":false,"audioPlay":false,"sceneViewState":{"showFog":true,"showMaterialUpdate":false,"showSkybox":false,"showFlares":true,"showImageEffects":true,"showParticleSystems":true},"in2DMode":false,"pivot":{"x":0.16080498695373536,"y":0.37319380044937136,"z":-62.12200164794922},"rotation":{"x":-0.03321709483861923,"y":-0.8307558298110962,"z":0.5534980893135071,"w":-0.050239354372024539},"size":0.2250182032585144,"orthographic":false}