{"cameraMode":{"drawMode":0,"name":"Shaded","section":"Shading Mode"},"sceneLighting":true,"audioPlay":false,"sceneViewState":{"showFog":true,"showMaterialUpdate":false,"showSkybox":false,"showFlares":true,"showImageEffects":true,"showParticleSystems":true},"in2DMode":false,"pivot":{"x":-4.928509712219238,"y":1.4799998998641968,"z":-0.8814710378646851},"rotation":{"x":-0.025552216917276384,"y":0.575497031211853,"z":0.017887145280838014,"w":0.817440390586853},"size":1.1445523500442505,"orthographic":false}