{"cameraMode":{"drawMode":0,"name":"Shaded","section":"Shading Mode"},"sceneLighting":false,"audioPlay":false,"sceneViewState":{"showFog":true,"showMaterialUpdate":false,"showSkybox":false,"showFlares":true,"showImageEffects":true,"showParticleSystems":true},"in2DMode":false,"pivot":{"x":-33.07123565673828,"y":-19.356515884399415,"z":-33.03447341918945},"rotation":{"x":-0.056430160999298099,"y":0.9413350224494934,"z":-0.19946734607219697,"w":-0.26630666851997378},"size":51.57902908325195,"orthographic":false}