{"cameraMode":{"drawMode":0,"name":"Shaded","section":"Shading Mode"},"sceneLighting":false,"audioPlay":false,"sceneViewState":{"showFog":true,"showMaterialUpdate":false,"showSkybox":false,"showFlares":true,"showImageEffects":true,"showParticleSystems":true},"in2DMode":false,"pivot":{"x":0.8049221038818359,"y":0.8906137943267822,"z":-0.8046689033508301},"rotation":{"x":0.39677122235298159,"y":-0.4670369029045105,"z":0.24573244154453278,"w":0.7514049410820007},"size":1.7408331632614136,"orthographic":false}