{"cameraMode":{"drawMode":0,"name":"Shaded","section":"Shading Mode"},"sceneLighting":true,"audioPlay":false,"sceneViewState":{"showFog":true,"showMaterialUpdate":false,"showSkybox":false,"showFlares":true,"showImageEffects":true,"showParticleSystems":true},"in2DMode":false,"pivot":{"x":-1.1999969482421876,"y":-0.4901277422904968,"z":-30.71999740600586},"rotation":{"x":-0.11387477070093155,"y":-0.17968428134918214,"z":0.021494193002581598,"w":-0.9771422147750855},"size":132.08631896972657,"orthographic":false}