{"cameraMode":{"drawMode":0,"name":"Shaded","section":"Shading Mode"},"sceneLighting":false,"audioPlay":false,"sceneViewState":{"showFog":true,"showMaterialUpdate":false,"showSkybox":false,"showFlares":true,"showImageEffects":true,"showParticleSystems":true},"in2DMode":false,"pivot":{"x":0.8352298736572266,"y":0.7200000286102295,"z":49.4666748046875},"rotation":{"x":-0.25130292773246767,"y":-0.6045278906822205,"z":0.20960505306720735,"w":-0.7265526652336121},"size":47.57264709472656,"orthographic":false}