{"cameraMode":{"drawMode":0,"name":"Shaded","section":"Shading Mode"},"sceneLighting":false,"audioPlay":false,"sceneViewState":{"showFog":true,"showMaterialUpdate":false,"showSkybox":false,"showFlares":true,"showImageEffects":true,"showParticleSystems":true},"in2DMode":false,"pivot":{"x":-0.22800272703170777,"y":-1.6772524118423463,"z":-64.50032806396485},"rotation":{"x":0.0032928837463259699,"y":0.9511154890060425,"z":-0.30898523330688479,"w":0.010320820845663548},"size":2.1073949337005617,"orthographic":false}