{"cameraMode":{"drawMode":0,"name":"Shaded","section":"Shading Mode"},"sceneLighting":false,"audioPlay":false,"sceneViewState":{"showFog":true,"showMaterialUpdate":false,"showSkybox":false,"showFlares":true,"showImageEffects":true,"showParticleSystems":true},"in2DMode":false,"pivot":{"x":1.118399739265442,"y":-15.754517555236817,"z":-50.28396224975586},"rotation":{"x":-0.4565953314304352,"y":-0.023415397852659227,"z":0.012220323085784912,"w":-0.8893676400184631},"size":10.810129165649414,"orthographic":false}