{"cameraMode":{"drawMode":0,"name":"Shaded","section":"Shading Mode"},"sceneLighting":false,"audioPlay":false,"sceneViewState":{"showFog":true,"showMaterialUpdate":false,"showSkybox":false,"showFlares":true,"showImageEffects":true,"showParticleSystems":true},"in2DMode":false,"pivot":{"x":5.960464477539063e-8,"y":12.899999618530274,"z":-1.1920928955078126e-7},"rotation":{"x":-0.043814413249492648,"y":0.9531940221786499,"z":-0.16932889819145204,"w":-0.2466408908367157},"size":12.96792984008789,"orthographic":false}