{"cameraMode":{"drawMode":0,"name":"Shaded","section":"Shading Mode"},"sceneLighting":false,"audioPlay":false,"sceneViewState":{"showFog":true,"showMaterialUpdate":false,"showSkybox":false,"showFlares":true,"showImageEffects":true,"showParticleSystems":true},"in2DMode":false,"pivot":{"x":-0.1873948723077774,"y":0.37631264328956606,"z":-62.733577728271487},"rotation":{"x":-0.004471395164728165,"y":0.9941670298576355,"z":-0.10055597126483917,"w":-0.04267524927854538},"size":0.000018191052731708623,"orthographic":false}