{"cameraMode":{"drawMode":0,"name":"Shaded","section":"Shading Mode"},"sceneLighting":false,"audioPlay":false,"sceneViewState":{"showFog":true,"showMaterialUpdate":false,"showSkybox":false,"showFlares":true,"showImageEffects":true,"showParticleSystems":true},"in2DMode":false,"pivot":{"x":-6.139263153076172,"y":1.2444045543670655,"z":4.443759918212891},"rotation":{"x":0.06415566802024842,"y":0.7376353144645691,"z":0.07080087810754776,"w":-0.6684044599533081},"size":9.0099458694458,"orthographic":false}