{"cameraMode":{"drawMode":0,"name":"Shaded","section":"Shading Mode"},"sceneLighting":false,"audioPlay":false,"sceneViewState":{"showFog":true,"showMaterialUpdate":false,"showSkybox":false,"showFlares":true,"showImageEffects":true,"showParticleSystems":true},"in2DMode":false,"pivot":{"x":-59.97404861450195,"y":54.17292404174805,"z":-16.485742568969728},"rotation":{"x":0.21315647661685944,"y":0.7180532813072205,"z":-0.2493743896484375,"w":0.6140034198760986},"size":2.1073949337005617,"orthographic":false}