{"cameraMode":{"drawMode":0,"name":"Shaded","section":"Shading Mode"},"sceneLighting":false,"audioPlay":false,"sceneViewState":{"showFog":true,"showMaterialUpdate":false,"showSkybox":false,"showFlares":true,"showImageEffects":true,"showParticleSystems":true},"in2DMode":false,"pivot":{"x":-14.290582656860352,"y":-42.92902374267578,"z":-37.1517448425293},"rotation":{"x":-0.057966768741607669,"y":0.9379321336746216,"z":-0.28276368975639346,"w":-0.1922760158777237},"size":79.79325866699219,"orthographic":false}