{"cameraMode":{"drawMode":0,"name":"Shaded","section":"Shading Mode"},"sceneLighting":true,"audioPlay":false,"sceneViewState":{"showFog":true,"showMaterialUpdate":false,"showSkybox":false,"showFlares":true,"showImageEffects":true,"showParticleSystems":true},"in2DMode":false,"pivot":{"x":-205.2996368408203,"y":61.69089126586914,"z":284.074462890625},"rotation":{"x":0.023093027994036676,"y":-0.9392008185386658,"z":-0.06051984056830406,"w":-0.3383167088031769},"size":7.02282190322876,"orthographic":false}