{"cameraMode":{"drawMode":0,"name":"Shaded","section":"Shading Mode"},"sceneLighting":false,"audioPlay":false,"sceneViewState":{"showFog":true,"showMaterialUpdate":false,"showSkybox":false,"showFlares":true,"showImageEffects":true,"showParticleSystems":true},"in2DMode":false,"pivot":{"x":-7.31069803237915,"y":0.6935381889343262,"z":-2.491046667098999},"rotation":{"x":0.08081674575805664,"y":-0.8925087451934815,"z":0.17678652703762055,"w":0.4072248041629791},"size":2.9552083015441896,"orthographic":false}