{"cameraMode":{"drawMode":0,"name":"Shaded","section":"Shading Mode"},"sceneLighting":false,"audioPlay":false,"sceneViewState":{"showFog":true,"showMaterialUpdate":false,"showSkybox":false,"showFlares":true,"showImageEffects":true,"showParticleSystems":true},"in2DMode":false,"pivot":{"x":-69.75304412841797,"y":31.110868453979493,"z":-26.932029724121095},"rotation":{"x":-0.14683610200881959,"y":-0.6839643120765686,"z":0.14341650903224946,"w":-0.7001430988311768},"size":10.449999809265137,"orthographic":false}