{"cameraMode":{"drawMode":0,"name":"Shaded","section":"Shading Mode"},"sceneLighting":false,"audioPlay":false,"sceneViewState":{"showFog":true,"showMaterialUpdate":false,"showSkybox":false,"showFlares":true,"showImageEffects":true,"showParticleSystems":true},"in2DMode":false,"pivot":{"x":-6.860052108764648,"y":-2.369260549545288,"z":2.108039379119873},"rotation":{"x":0.38866952061653139,"y":-0.25170403718948367,"z":0.11112409830093384,"w":0.8794428110122681},"size":2.9552083015441896,"orthographic":false}