{"cameraMode":{"drawMode":0,"name":"Shaded","section":"Shading Mode"},"sceneLighting":false,"audioPlay":false,"sceneViewState":{"showFog":true,"showMaterialUpdate":false,"showSkybox":false,"showFlares":true,"showImageEffects":true,"showParticleSystems":true},"in2DMode":false,"pivot":{"x":3.405632257461548,"y":1.0778621435165406,"z":0.1903824806213379},"rotation":{"x":0.04409981891512871,"y":-0.008701696060597897,"z":0.0001838691532611847,"w":0.9990819096565247},"size":1.1307387351989747,"orthographic":false}