{"cameraMode":{"drawMode":0,"name":"Shaded","section":"Shading Mode"},"sceneLighting":false,"audioPlay":false,"sceneViewState":{"showFog":true,"showMaterialUpdate":false,"showSkybox":false,"showFlares":true,"showImageEffects":true,"showParticleSystems":true},"in2DMode":false,"pivot":{"x":2.246145248413086,"y":0.4532897472381592,"z":-68.22943878173828},"rotation":{"x":-0.03814401850104332,"y":0.9604430794715881,"z":-0.16767388582229615,"w":-0.2192404866218567},"size":10.0,"orthographic":false}