{"cameraMode":{"drawMode":0,"name":"Shaded","section":"Shading Mode"},"sceneLighting":false,"audioPlay":false,"sceneViewState":{"showFog":true,"showMaterialUpdate":false,"showSkybox":false,"showFlares":true,"showImageEffects":true,"showParticleSystems":true},"in2DMode":false,"pivot":{"x":-3.3844053745269777,"y":-2.8239822387695314,"z":1.9812955856323243},"rotation":{"x":0.377147376537323,"y":-0.20018765330314637,"z":0.08372888714075089,"w":0.9004786014556885},"size":3.8139898777008058,"orthographic":false}