{"cameraMode":{"drawMode":0,"name":"Shaded","section":"Shading Mode"},"sceneLighting":false,"audioPlay":false,"sceneViewState":{"showFog":true,"showMaterialUpdate":false,"showSkybox":false,"showFlares":true,"showImageEffects":true,"showParticleSystems":true},"in2DMode":false,"pivot":{"x":-0.1538061797618866,"y":-0.11299999803304672,"z":-63.26419448852539},"rotation":{"x":0.07530466467142105,"y":0.921692430973053,"z":-0.22764521837234498,"w":0.3052903413772583},"size":0.22501923143863679,"orthographic":false}