{"cameraMode":{"drawMode":0,"name":"Shaded","section":"Shading Mode"},"sceneLighting":true,"audioPlay":false,"sceneViewState":{"showFog":true,"showMaterialUpdate":false,"showSkybox":false,"showFlares":true,"showImageEffects":true,"showParticleSystems":true},"in2DMode":false,"pivot":{"x":1.8348026275634766,"y":-1.376899242401123,"z":11.871479988098145},"rotation":{"x":-0.10550014674663544,"y":-0.09022584557533264,"z":0.010903147980570794,"w":-0.9906367659568787},"size":7.02282190322876,"orthographic":false}