{"cameraMode":{"drawMode":0,"name":"Shaded","section":"Shading Mode"},"sceneLighting":false,"audioPlay":false,"sceneViewState":{"showFog":true,"showMaterialUpdate":false,"showSkybox":false,"showFlares":true,"showImageEffects":true,"showParticleSystems":true},"in2DMode":false,"pivot":{"x":-0.002573728561401367,"y":-0.343999981880188,"z":-62.82410430908203},"rotation":{"x":0.24664458632469178,"y":0.7139065265655518,"z":-0.3034878671169281,"w":0.5812131762504578},"size":1.4149583578109742,"orthographic":false}