{"cameraMode":{"drawMode":0,"name":"Shaded","section":"Shading Mode"},"sceneLighting":false,"audioPlay":false,"sceneViewState":{"showFog":true,"showMaterialUpdate":false,"showSkybox":false,"showFlares":true,"showImageEffects":true,"showParticleSystems":true},"in2DMode":false,"pivot":{"x":1.7562367916107178,"y":32.105987548828128,"z":-69.09457397460938},"rotation":{"x":-0.3177512586116791,"y":0.1036830022931099,"z":-0.034606728702783588,"w":-0.9422446489334106},"size":10.0,"orthographic":false}