{"cameraMode":{"drawMode":0,"name":"Shaded","section":"Shading Mode"},"sceneLighting":false,"audioPlay":false,"sceneViewState":{"showFog":true,"showMaterialUpdate":false,"showSkybox":false,"showFlares":true,"showImageEffects":true,"showParticleSystems":true},"in2DMode":false,"pivot":{"x":-9.44786548614502,"y":-0.04063349962234497,"z":-32.159828186035159},"rotation":{"x":-0.010959569364786148,"y":0.9850984811782837,"z":-0.16335736215114594,"w":-0.05765625461935997},"size":0.8660253882408142,"orthographic":false}