{"cameraMode":{"drawMode":0,"name":"Shaded","section":"Shading Mode"},"sceneLighting":false,"audioPlay":false,"sceneViewState":{"showFog":true,"showMaterialUpdate":false,"showSkybox":false,"showFlares":true,"showImageEffects":true,"showParticleSystems":true},"in2DMode":false,"pivot":{"x":-2.2763266563415529,"y":-4.816859722137451,"z":-0.5678844451904297},"rotation":{"x":0.0023406732361763717,"y":0.9901034235954285,"z":-0.13933517038822175,"w":0.016635920852422715},"size":9.0099458694458,"orthographic":false}