{"cameraMode":{"drawMode":0,"name":"Shaded","section":"Shading Mode"},"sceneLighting":false,"audioPlay":false,"sceneViewState":{"showFog":true,"showMaterialUpdate":false,"showSkybox":false,"showFlares":true,"showImageEffects":true,"showParticleSystems":true},"in2DMode":false,"pivot":{"x":-48.745033264160159,"y":-12.452545166015625,"z":-45.76478576660156},"rotation":{"x":-0.054477714002132419,"y":0.9400803446769714,"z":-0.18012350797653199,"w":-0.2843226492404938},"size":87.13623809814453,"orthographic":false}