{"cameraMode":{"drawMode":0,"name":"Shaded","section":"Shading Mode"},"sceneLighting":false,"audioPlay":false,"sceneViewState":{"showFog":true,"showMaterialUpdate":false,"showSkybox":false,"showFlares":true,"showImageEffects":true,"showParticleSystems":true},"in2DMode":false,"pivot":{"x":4.907719135284424,"y":-3.005873918533325,"z":-63.40592575073242},"rotation":{"x":0.18574923276901246,"y":0.7183411121368408,"z":-0.20806385576725007,"w":0.6376165151596069},"size":3.36126708984375,"orthographic":false}