{"cameraMode":{"drawMode":0,"name":"Shaded","section":"Shading Mode"},"sceneLighting":true,"audioPlay":false,"sceneViewState":{"showFog":true,"showMaterialUpdate":false,"showSkybox":false,"showFlares":true,"showImageEffects":true,"showParticleSystems":true},"in2DMode":false,"pivot":{"x":18.778419494628908,"y":60.93782043457031,"z":-39.15742111206055},"rotation":{"x":0.2691589891910553,"y":-0.11047378182411194,"z":0.028303533792495729,"w":0.9568139314651489},"size":4.835893154144287,"orthographic":false}